<?xml version="1.0" encoding="UTF-8" ?>
<!DOCTYPE mapper
PUBLIC "-//mybatis.org//DTD Mapper 3.0//EN"
"http://mybatis.org/dtd/mybatis-3-mapper.dtd">
<mapper namespace="org.gyun.dao.UserMapper">
	<!-- 查询 -->
	<select id="getAllUser" resultType="User">
		SELECT * FROM SMBMS_USER
	</select>
	<!-- 根据条件查询 map   parameterType如果写成User也没有关系，因为参数传递的方式:都是map  k_v -->
	<select id="getUserByUserNameAndUserRole" resultType="User" parameterType="Map">
		SELECT * FROM SMBMS_USER 
		WHERE USERNAME LIKE CONCAT('%',#{u},'%')
		AND USERROLE=#{r}
	</select>
	<!-- 根据条件查询 中文角色1-->
	<select id="getUserByUserRoleChina" resultType="User" parameterType="User">
		SELECT u.*,r.roleName userRoleName FROM SMBMS_USER u,smbms_role r
		WHERE u.USERNAME LIKE CONCAT('%',#{userName},'%')
		AND u.USERROLE=#{userRole} and u.userRole=r.id
	</select>
	<!-- 根据条件查询 中文角色2-->
	<resultMap type="User" id="userList">
	<id property="id" column="id"></id>
	<result property="userName" column="userName"/>
	<result property="userRoleName" column="roleName"/>
	</resultMap>
	<select id="getUserByUserRoleChinaResultMap" resultMap="userList" parameterType="User">
		SELECT u.*,r.roleName FROM SMBMS_USER u,smbms_role r
		WHERE u.USERNAME LIKE CONCAT('%',#{userName},'%')
		AND u.USERROLE=#{userRole} and u.userRole=r.id
	</select>
</mapper>