<?xml version="1.0" encoding="UTF-8"?>
<beans xmlns="http://www.springframework.org/schema/beans"
     xmlns:xsi="http://www.w3.org/2001/XMLSchema-instance"
     xmlns:aop="http://www.springframework.org/schema/aop"
     xsi:schemaLocation="http://www.springframework.org/schema/beans
         http://www.springframework.org/schema/beans/spring-beans.xsd
         http://www.springframework.org/schema/aop
         http://www.springframework.org/schema/aop/spring-aop.xsd">
	<!-- aop增加的步骤 -->
	<!-- 
		1.创建bean对象id为dao
		2.创建bean对象id为service 获取dao对象
		3.引入日志文件
		4.配置增强	
	 -->
	<!-- 创建bean对象 id是唯一的，可以方便引用，class是完全限定名 -->
	<bean id="dao" class="com.javaxyz.dao.impl.UserDaoImpl">
	</bean>
	<bean id="service" class="com.javaxyz.service.impl.UserServiceImpl">
	 <property name="dao" ref="dao"></property>
	</bean>
	<!-- 日志增强文件 -->
	<bean id="userlogger" class="com.javaxyz.springaop.UserLogger"></bean>
	<!-- 配置增强 -->
	<aop:config>
		<aop:pointcut expression="execution(public int saveUser(com.javaxyz.entity.User) )" id="pointcut"/>
		<aop:aspect ref="userlogger">
			<aop:before method="before" pointcut-ref="pointcut"/>
			<aop:after-returning method="afterReturn" pointcut-ref="pointcut" returning="result"/>
		</aop:aspect>	
	</aop:config>
	
</beans>