<?xml version="1.0" encoding="UTF-8"?>
<beans xmlns="http://www.springframework.org/schema/beans"
	xmlns:xsi="http://www.w3.org/2001/XMLSchema-instance" xmlns:aop="http://www.springframework.org/schema/aop"
	xmlns:p="http://www.springframework.org/schema/p"
	xsi:schemaLocation="http://www.springframework.org/schema/beans
         http://www.springframework.org/schema/beans/spring-beans.xsd
         http://www.springframework.org/schema/aop
         http://www.springframework.org/schema/aop/spring-aop.xsd">
	<!-- Spring和Mybatis的整合 -->
	<!-- 创建bean对象 id是唯一的，可以方便引用，class是完全限定名 -->
	<!-- 配置数据源对象DataSource -->
	<bean id="dataSource" class="org.apache.commons.dbcp.BasicDataSource">
		<!-- 连接信息 -->
		<property name="driverClassName" value="com.mysql.jdbc.Driver"></property>
		<property name="url" value="jdbc:mysql:///p19_java7_mybatis"></property>
		<property name="username" value="root"></property>
		<property name="password" value="aaa"></property>
	</bean>
	<!-- 配置对象SqlSessionFactory -->
	<bean id="sqlSessionFactory" class="org.mybatis.spring.SqlSessionFactoryBean">
		<!-- 引用数据源对象DataSource -->
		<property name="dataSource" ref="dataSource"></property>
		<!-- 引入本地的配置文件 mybatis-config.xml -->
		<property name="configLocation" value="classpath:mybatis-config.xml"></property>
		<!-- 引入相关的映射文件*Mapper.xml -->
		<property name="mapperLocations">
			<list>
				<value>classpath:com/javaxyz/mapper/**/*.xml</value>
			</list>
		</property>
	</bean>
	<!-- 配置SqlSessionTemplate 构造注入 -->
	<bean id="sqlSessionTemplate" class="org.mybatis.spring.SqlSessionTemplate">
		<constructor-arg name="sqlSessionFactory" ref="sqlSessionFactory"></constructor-arg>
	</bean>
	<!-- dao -->
	<bean id="userMapper" class="com.javaxyz.mapper.impl.UserMapperImpl">
		<property name="sqlSession" ref="sqlSessionTemplate"></property>
	</bean>
</beans>