<?xml version="1.0" encoding="UTF-8" ?>
<!DOCTYPE configuration
 PUBLIC "-//mybatis.org//DTD Config 3.0//EN"
 "http://mybatis.org/dtd/mybatis-3-config.dtd">
<configuration>
	<!-- 引入相关的配置文件 -->
<!-- 	<properties resource="database.properties" /> -->
	<!-- 日志文件 -->
<!-- 	<settings>
		<setting name="logImpl" value="LOG4J"></setting>
	</settings> -->
	<!-- 别名 -->
	<typeAliases>
		<!-- 以包为别名最好用 -->
		<package name="com.javaxyz.entity"></package>
	</typeAliases>
	<!-- 配置mybatis的运行环境 -->
<!-- 	<environments default="developent">
		<environment id="developent">
			事务
			<transactionManager type="JDBC"></transactionManager>
			配置mybatis的数据源
			<dataSource type="POOLED">
				<property name="driver" value="${driver}" />
				<property name="url" value="${url}" />
				<property name="username" value="${user}" />
				<property name="password" value="${password}" />
			</dataSource>
		</environment>
	</environments> -->
	<!-- 导入配置文件 -->
	<!-- 注意不要用* -->
<!-- 	<mappers>
		<mapper resource="org/gyun/dao/UserMapper.xml"></mapper>
	</mappers> -->
</configuration>
