<?xml version="1.0" encoding="UTF-8" ?>
<!DOCTYPE mapper
PUBLIC "-//mybatis.org//DTD Mapper 3.0//EN"
"http://mybatis.org/dtd/mybatis-3-mapper.dtd">
<mapper namespace="com.javaxyz.mapper.UserMapper">
	<!-- 查询 -->
	<select id="getAllUser" resultType="User">
		SELECT * FROM SMBMS_USER
	</select>
	<!-- 根据条件查询 map parameterType如果写成User也没有关系，因为参数传递的方式:都是map k_v -->
	<select id="getUserByUserNameAndUserRole" resultType="User"
		parameterType="Map">
		SELECT * FROM SMBMS_USER
		WHERE USERNAME LIKE
		CONCAT('%',#{u},'%')
		AND USERROLE=#{r}
	</select>
	<!-- 根据条件查询 中文角色1 -->
	<select id="getUserByUserRoleChina" resultType="User"
		parameterType="User">
		SELECT u.*,r.roleName userRoleName FROM SMBMS_USER
		u,smbms_role r
		WHERE u.USERNAME LIKE CONCAT('%',#{userNames},'%')
		AND
		u.USERROLE=#{userRole} and u.userRole=r.id
	</select>
	<!-- 根据条件查询 中文角色2 -->
	<resultMap type="User" id="userList">
		<id property="id" column="id"></id>
		<result property="userName" column="userName" />
		<result property="userRoleName" column="roleName" />
	</resultMap>
	<select id="getUserByUserRoleChinaResultMap" resultMap="userList"
		parameterType="User">
		SELECT u.*,r.roleName FROM SMBMS_USER u,smbms_role r
		WHERE u.USERNAME LIKE CONCAT('%',#{userName},'%')
		AND
		u.USERROLE=#{userRole} and u.userRole=r.id
	</select>
	<!-- 根据角色id去查询用户信息3 -->
	<select id="getUserByUserRole" resultType="User" parameterType="integer">
		SELECT u.*,r.roleName userRoleName FROM SMBMS_USER u,smbms_role r
		WHERE u.USERROLE=#{userRole} and u.userRole=r.id
	</select>
	<!-- 增加用户信息 -->
	<insert id="addUser" parameterType="User">
		INSERT INTO smbms_user
		(userCode, userName, userPassword, gender, birthday,
		phone, address,
		userRole, createdBy, creationDate)
		VALUES
		(#{userCode}, #{userName},
		#{userPassword}, #{gender}, #{birthday},
		#{phone}, #{address},
		#{userRole}, #{createdBy}, #{creationDate});
	</insert>
	<!-- <update id=""> INSERT INTO smbms_user (userCode, userName, userPassword, 
		gender, birthday, phone, address, userRole, createdBy, creationDate, modifyBy, 
		modifyDate) </update> -->
	<!-- resultMap 1.association 一对一 2. 一对多 -->
	<resultMap type="User" id="userAndRoleList">
		<id property="id" column="id"></id>
		<result property="userName" column="userName" />
		<association property="role" javaType="Role">
		<id property="id" column="r_id"></id>
		<result property="roleName" column="roleName" />		
		</association>
	</resultMap>
	<!-- 根据角色id去查询用户信息4  association -->
	<select id="userAndRoleByUserRole" resultMap="userAndRoleList" parameterType="integer">
		SELECT u.*,r.id r_id,r.roleName  FROM SMBMS_USER u,smbms_role r
		WHERE u.USERROLE=#{userRole} and u.userRole=r.id
	</select>
	<!-- 根据用户id去查询用户地址信息4  collection -->
		<resultMap type="User" id="userAndAddressList">
		<id property="id" column="id"></id>
		<result property="userName" column="userName" />
		<collection property="listAdd" ofType="Address">
		<id property="id" column="a_id"></id>
		<result property="contact" column="contact" />		
		<result property="addressDesc" column="addressDesc" />		
		</collection>
	</resultMap>
	<select id="userAndAddressByUserId" resultMap="userAndAddressList" parameterType="integer">
		SELECT u.*,a.id a_id, a.contact,a.addressDesc FROM SMBMS_USER u,smbms_address a
		WHERE u.id=#{userId} and u.id=a.userId
	</select>
</mapper>